doc_id,jurisdictions,url,source_type,capture,retrieved_at,sha256,text_file,status
D002,"Berkeley, CA",https://morganlewis.com/pubs/2026/08/algorithmic-rent-pricing-litigation-expands-under-new-state-and-local-laws,secondary (law firm / news / mirror),fetched-firecrawl,2026-10-03T18:03Z,fe2946580651285f6ca775ee3f81216d91aacafeb36f407d9f4c529454d69a6c,text/D002.txt,ok
D015,CA,https://caanet.org/compliance-reminder-section-8-acceptance-and-criminal-background-checks-are-fair-housing-issues/,secondary (law firm / news / mirror),fetched-firecrawl,2026-10-03T18:03Z,c94abf227419be38571bf9285233714076864161d19fbf9447b512790d1224ac,text/D015.txt,ok
D017,CA,https://california.public.law/codes/civil_code_section_1950.6,secondary (law firm / news / mirror),fetched-firecrawl,2026-10-03T18:03Z,2deaf993209e77c052e7db3c2948b506f31689ce69ad5e96a14889d5780c78ef,text/D017.txt,ok
D018,CA,https://law.justia.com/codes/california/code-civ/division-3/part-4/title-5/chapter-2/section-1946-2/,secondary (law firm / news / mirror),fetched-firecrawl,2026-10-03T18:03Z,fe25f6570a2acd329b0d44c6d7174d335a4a9fae1ca5d60d473fa4912085743a,text/D018.txt,ok
D019,CA,https://law.justia.com/codes/california/code-civ/division-3/part-4/title-5/chapter-2/section-1947-12/,secondary (law firm / news / mirror),fetched-firecrawl,2026-10-03T18:05Z,6d2763cf54faf18a8736cf0060eb5a04a9541abee98fdd1a104817765018ed35,text/D019.txt,ok
D020,CA,https://law.justia.com/codes/california/code-civ/division-3/part-4/title-5/chapter-2/section-1950-5/,secondary (law firm / news / mirror),fetched-firecrawl,2026-10-03T18:05Z,9f67c3406ddc0531637d03d973e165baf0dbafaa2e4e41382f5b4fcc041c0611,text/D020.txt,ok
D021,CA,https://law.justia.com/codes/california/code-gov/title-2/division-3/part-2-8/chapter-6/article-2/section-12955/,secondary (law firm / news / mirror),fetched-firecrawl,2026-10-03T18:05Z,784a6c7cbaa474ac37b131da3ca160f7f85aa6a81838b7ea5f40226764790729,text/D021.txt,ok
D028,CA,https://www.clearygottlieb.com/news-and-insights/publication-listing/californias-antitrust-law-amendments-kick-in-targeting-algorithmic-pricing,secondary (law firm / news / mirror),fetched-firecrawl,2026-10-03T18:07Z,a733a52e2a7bd73262a98615e8c36b93c2aa0c58645d6f6234aa332bfb65466b,text/D028.txt,ok
D030,"Cambridge, MA",https://www.cambridgeday.com/?p=158097,secondary (law firm / news / mirror),fetched-firecrawl,2026-10-03T18:07Z,16819777f768ce0882f8f05d9850e98526bbb67f4e55f0b25d153ae9271a8305,text/D030.txt,ok
D035,"Jersey City, NJ",https://hudsoncountyview.com/jersey-city-council-approves-realpage-ban-and-increasing-benefits-for-laborers/,secondary (law firm / news / mirror),fetched-firecrawl,2026-10-03T18:07Z,be2f36a87b180674b9071429dd2b24a36bfe2ff659e965a1175e3680d7794012,text/D035.txt,ok
D037,"Jersey City, NJ",https://www.morganlewis.com/pubs/2026/08/algorithmic-rent-pricing-litigation-expands-under-new-state-and-local-laws,secondary (law firm / news / mirror),fetched-firecrawl,2026-10-03T18:07Z,ef1dc200bdd5fd5fe4a83b9438e29b2552f05dc6cc77bec32f23bf3c12d966f7,text/D037.txt,ok
D044,"Los Angeles, CA",https://members.aagla.org/news/city-of-la-security-deposit-interest-requirement,secondary (law firm / news / mirror),fetched-firecrawl,2026-10-03T18:09Z,cacc17ecdf13dbea6d3c5f72493738c443828b1eb2cd00c96981f6509c06982f,text/D044.txt,ok
D054,MA,https://masslandlords.net/can-massachusetts-landlords-charge-an-application-fee/,secondary (law firm / news / mirror),fetched-firecrawl,2026-10-03T18:09Z,9ac370a16f82322e6d9684dfc959dab5ce65dd0ebc93fbdf80787576bc56b157,text/D054.txt,ok
D055,MA,https://massrealestatelawblog.com/tag/cella-v-attorney-general/,secondary (law firm / news / mirror),fetched-firecrawl,2026-10-03T18:09Z,,,"failed: empty shell (tag page returned only the heading ""Cella v. Attorney General"", no post content)"
D056,MA,https://www.mass.gov/doc/803-cmr-5-criminal-offender-record-information-cori-housing/download,official,fetched-firecrawl,2026-10-03T18:09Z,24f0adcf98662ab935449a34c6e14b1d369239e1abeb784dd8eb9fd452bb4e04,text/D056.txt,ok
D059,MA,https://www.wbur.org/news/2026/06/23/massachusetts-high-court-rent-control-ballot-question-struck,secondary (law firm / news / mirror),fetched-firecrawl,2026-10-03T18:11Z,d7a590a62b769b2539edcc00251fdc95065ed46dc948c6b118accf4269e53d08,text/D059.txt,ok
D060,NJ,https://daypitney.com/new-jersey-enacts-fair-act-to-prohibit-algorithmic-rent-setting-practices,secondary (law firm / news / mirror),fetched-firecrawl,2026-10-03T18:11Z,45b0f4eb3f339fd676823a26e5e52d4e2b37cba4dd63278ccad245541f5a641e,text/D060.txt,ok
D061,NJ,https://law.justia.com/codes/new-jersey/title-10/section-10-5-12/,secondary (law firm / news / mirror),fetched-firecrawl,2026-10-03T18:11Z,bc17f31f972d921523afcf2220c31e5443d6c186149763078db85276253445f5,text/D061.txt,ok
D062,NJ,https://law.justia.com/codes/new-jersey/title-2a/section-2a-18-61-1/,secondary (law firm / news / mirror),fetched-firecrawl,2026-10-03T18:13Z,0ff7b260be0c54d6cc50b7309e1808073d276ee8c5e219ab1676619b7108227f,text/D062.txt,ok
D063,NJ,https://law.justia.com/codes/new-jersey/title-46/section-46-8-21-2/,secondary (law firm / news / mirror),fetched-firecrawl,2026-10-03T18:13Z,edf53c6c993c091b63479dfb7a41c3bb446a619d3dc0318af778dd098546c3db,text/D063.txt,ok
D064,NJ,https://law.justia.com/codes/new-jersey/title-46/section-46-8-26/,secondary (law firm / news / mirror),fetched-firecrawl,2026-10-03T18:13Z,628c4c60e75cc1b1b8e1f91e5ebdd0dc6aee822039bdcfbf718025087f78c34c,text/D064.txt,ok
D077,"San Diego, CA",https://www.lassd.org/resource/city-of-san-diego-tenant-protection-ordinance/,secondary (law firm / news / mirror),fetched-firecrawl,2026-10-03T18:15Z,,,"failed: empty shell (article body not rendered; page returned only title, office-closure banner and a Donorbox 404 widget)"
D086,"Santa Ana, CA",https://www.ocbj.com/real-estate/santa-ana-bans-landlords-from-using-ai-apartment-rent-pricing-software/,secondary (law firm / news / mirror),fetched-firecrawl,2026-10-03T18:15Z,afe0ae3f0da7cf64da5830a99f9365fec74a1685ff7764ec4e9d3660f6ca1528,text/D086.txt,ok
D087,"Santa Ana, CA",https://www.publicceo.com/2026/02/santa-ana-city-council-continues-to-strengthen-tenant-protections-by-banning-anticompetitive-rent-setting-software/,secondary (law firm / news / mirror),fetched-firecrawl,2026-10-03T18:15Z,3450f5001a8249e1de43bfcc8e8a57096163dd138482fc186061d085914ab440,text/D087.txt,ok
